STATE,YEAR,RACE_TYPE,CONGRESSIONAL_DISTRICT,CANDIDATE_NAME,CANDIDATE_PARTY,VOTES
ALABAMA,1980,HOUSE,1,Jack Edwards,REPUBLICAN,111089
ALABAMA,1980,HOUSE,1,Steve Smith,LIBERTARIAN,6130
ALABAMA,1980,HOUSE,1,,WRITE-IN,2
ALABAMA,1980,HOUSE,2,Cecil Wyatt,DEMOCRATIC,63447
ALABAMA,1980,HOUSE,2,Bill Dickinson,REPUBLICAN,104796
ALABAMA,1980,HOUSE,2,Adam Hand,LIBERTARIAN,4103
ALABAMA,1980,HOUSE,2,Jerome Couch,STATESMAN,616
ALABAMA,1980,HOUSE,3,Bill Nichols,DEMOCRATIC,107654
ALABAMA,1980,HOUSE,3,,WRITE-IN,1561
ALABAMA,1980,HOUSE,4,Tom Bevill,DEMOCRATIC,129365
ALABAMA,1980,HOUSE,4,A.J. Killingsworth,STATESMAN,2721
ALABAMA,1980,HOUSE,5,Ronnie Flippo,DEMOCRATIC,117626
ALABAMA,1980,HOUSE,5,Betty T. Benson,LIBERTARIAN,7341
ALABAMA,1980,HOUSE,5,,WRITE-IN,389
ALABAMA,1980,HOUSE,6,W.B. (Pete) Clifford,DEMOCRATIC,87636
ALABAMA,1980,HOUSE,6,Albert Lee Smith Jr.,REPUBLICAN,95019
ALABAMA,1980,HOUSE,6,Richard H. Jacobson,LIBERTARIAN,3218
ALABAMA,1980,HOUSE,6,Philip Lepud,NATIONAL DEMOCRATIC PARTY OF ALABAMA,1743
ALABAMA,1980,HOUSE,6,Charles C. Robey,STATESMAN,466
ALABAMA,1980,HOUSE,7,Richard C. Shelby,DEMOCRATIC,122505
ALABAMA,1980,HOUSE,7,James E. Jim Bacon,REPUBLICAN,43329
ALABAMA,1980,HOUSE,7,Joe Walker,LIBERTARIAN,2132
ALABAMA,1980,HOUSE,7,Mrs. Mary Owensby,STATESMAN,847
ALABAMA,1980,PRESIDENTIAL,,Ronald Reagan,REPUBLICAN,636730
ALABAMA,1980,PRESIDENTIAL,,Jimmy Carter,DEMOCRATIC,654192
ALABAMA,1980,PRESIDENTIAL,,John Anderson,INDEPENDENT,15481
ALABAMA,1980,SENATE,,Jim Folsom Jr.,DEMOCRATIC,610175
ALABAMA,1980,SENATE,,Jeremiah Denton,REPUBLICAN,650362
ALASKA,1980,PRESIDENTIAL,,Ronald Reagan,REPUBLICAN,86112
ALASKA,1980,PRESIDENTIAL,,Jimmy Carter,DEMOCRATIC,41842
ALASKA,1980,SENATE,,Frank H. Murkowski,REPUBLICAN,84159
ALASKA,1980,SENATE,,Clark S. Gruening,DEMOCRATIC,72007
ALASKA,1980,HOUSE,,Donald E. Young,REPUBLICAN,114089
ALASKA,1980,HOUSE,,Kevin Pat Parnell,DEMOCRATIC,39922
AMERICAN SAMOA,1980,DELEGATE,,Fofo I. F. Sunia,INDEPENDENT DEMOCRAT,4141
AMERICAN SAMOA,1980,DELEGATE,,Eni Faa'auaa Hunkin Jr.,INDEPENDENT,2869
ARIZONA,1980,HOUSE,1,John J. Rhodes,REPUBLICAN,136961
ARIZONA,1980,HOUSE,1,Steve Jancek,DEMOCRATIC,40045
ARIZONA,1980,HOUSE,2,Morris K. Udall,DEMOCRATIC,127736
ARIZONA,1980,HOUSE,2,Richard H. Huff,REPUBLICAN,88653
ARIZONA,1980,HOUSE,3,Bob Stump,DEMOCRATIC,141448
ARIZONA,1980,HOUSE,3,Bob Croft,REPUBLICAN,65845
ARIZONA,1980,REPRESENTATIVE,4,Eldon Rudd,REPUBLICAN,142565
ARIZONA,1980,REPRESENTATIVE,4,Les Miller,DEMOCRAT,85046
ARIZONA,1980,PRESIDENTIAL,,Ronald Reagan,REPUBLICAN,529688
ARIZONA,1980,PRESIDENTIAL,,Jimmy Carter,DEMOCRATIC,246843
ARIZONA,1980,SENATE,,Barry Goldwater,REPUBLICAN,432371
ARIZONA,1980,SENATE,,Bill Schulz,DEMOCRATIC,422374
ARKANSAS,1980,HOUSE,1,Bill Alexander,DEMOCRATIC,0
ARKANSAS,1980,HOUSE,2,Ed Bethune,REPUBLICAN,159148
ARKANSAS,1980,HOUSE,2,James G Jim Reid,DEMOCRATIC,42578
ARKANSAS,1980,HOUSE,3,John Paul Hammerschmidt,REPUBLICAN,0
ARKANSAS,1980,HOUSE,4,Beryl Anthony Jr.,DEMOCRATIC,0
ARKANSAS,1980,PRESIDENTIAL,,Ronald Reagan,REPUBLICAN,403164
ARKANSAS,1980,PRESIDENTIAL,,Jimmy Carter,DEMOCRATIC,398041
ARKANSAS,1980,SENATE,,Dale Bumpers,DEMOCRATIC,477905
ARKANSAS,1980,SENATE,,Bill Clark,REPUBLICAN,330576
CALIFORNIA,1980,HOUSE,1,Eugene A Chappie,REPUBLICAN,145098
CALIFORNIA,1980,HOUSE,1,Harold T Johnson,DEMOCRATIC,107682
CALIFORNIA,1980,PRESIDENTIAL,,Ronald Reagan,REPUBLICAN,4524858
CALIFORNIA,1980,PRESIDENTIAL,,Jimmy Carter,DEMOCRATIC,3083661
CALIFORNIA,1980,SENATE,,Alan Cranston,DEMOCRATIC,4704998
CALIFORNIA,1980,SENATE,,Paul Gann,REPUBLICAN,3901671
COLORADO,1980,HOUSE,1,Pat Schroeder,DEMOCRATIC,107364
COLORADO,1980,HOUSE,1,Naomi Bradford,REPUBLICAN,67804
COLORADO,1980,HOUSE,2,Timothy E. Wirth,DEMOCRATIC,153550
COLORADO,1980,HOUSE,2,John McElderry,REPUBLICAN,111868
COLORADO,1980,HOUSE,3,Ray Kogovsek,DEMOCRATIC,105820
COLORADO,1980,HOUSE,3,Harold L. Mack McCormick,REPUBLICAN,84292
COLORADO,1980,HOUSE,4,Hank Brown,REPUBLICAN,178221
COLORADO,1980,HOUSE,4,Polly Baca Barragan,DEMOCRATIC,76849
COLORADO,1980,HOUSE,5,Ken Kramer,REPUBLICAN,177319
COLORADO,1980,HOUSE,5,Ed Schreiber,DEMOCRATIC,62003
COLORADO,1980,PRESIDENTIAL,,Ronald Reagan,REPUBLICAN,652264
COLORADO,1980,PRESIDENTIAL,,Jimmy Carter,DEMOCRATIC,368009
COLORADO,1980,SENATE,,Mary Estill Buchanan,REPUBLICAN,571295
COLORADO,1980,SENATE,,Gary Hart,DEMOCRATIC,590501
CONNECTICUT,1980,HOUSE,1,William R. Cotter,DEMOCRATIC,137849
CONNECTICUT,1980,HOUSE,1,Marjorie D. Anderson,REPUBLICAN,80816
CONNECTICUT,1980,HOUSE,2,Samuel Gejdenson,DEMOCRATIC,119176
CONNECTICUT,1980,HOUSE,2,Tony Guglielmo,REPUBLICAN,104197
CONNECTICUT,1980,HOUSE,3,Lawrence J. DeNardis,REPUBLICAN,117024
CONNECTICUT,1980,HOUSE,3,Joseph I. Lieberman,DEMOCRATIC,103903
CONNECTICUT,1980,HOUSE,4,Stewart B. McKinney,REPUBLICAN,124285
CONNECTICUT,1980,HOUSE,4,John A. Phillips,DEMOCRATIC,74326
CONNECTICUT,1980,HOUSE,5,William R. Ratchford,DEMOCRATIC,117316
CONNECTICUT,1980,HOUSE,5,Edward M. Donahue,REPUBLICAN,115614
CONNECTICUT,1980,HOUSE,6,Anthony Toby Moffett,DEMOCRATIC,142685
CONNECTICUT,1980,HOUSE,6,Nicholas Schaus,REPUBLICAN,98331
CONNECTICUT,1980,PRESIDENTIAL,,Ronald Reagan,REPUBLICAN,677210
CONNECTICUT,1980,PRESIDENTIAL,,Jimmy Carter,DEMOCRATIC,541732
DELAWARE,1980,PRESIDENTIAL,,Ronald Reagan,REPUBLICAN,111252
DELAWARE,1980,PRESIDENTIAL,,Jimmy Carter,DEMOCRATIC,105754
DELAWARE,1980,HOUSE,,Thomas B. Evans Jr.,REPUBLICAN,133842
DELAWARE,1980,HOUSE,,Robert L. Maxwell,DEMOCRATIC,81227
DISTRICT OF COLUMBIA,1980,PRESIDENTIAL,,Jimmy Carter,DEMOCRATIC,130231
DISTRICT OF COLUMBIA,1980,PRESIDENTIAL,,Ronald Reagan,REPUBLICAN,23313
DISTRICT OF COLUMBIA,1980,DELEGATE,,Walter E. Fauntroy,DEMOCRAT,111631
DISTRICT OF COLUMBIA,1980,DELEGATE,,Robert J. Roehr,REPUBLICAN,21021
FLORIDA,1980,HOUSE,1,Earl Hutto,DEMOCRATIC,119829
FLORIDA,1980,HOUSE,1,Warren Briggs,REPUBLICAN,75939
FLORIDA,1980,HOUSE,2,Don Fuqua,DEMOCRATIC,138252
FLORIDA,1980,HOUSE,2,John R. LaCapra,REPUBLICAN,57588
FLORIDA,1980,HOUSE,3,Charles E. Bennett,DEMOCRATIC,104672
FLORIDA,1980,HOUSE,3,Harry Radcliffe,REPUBLICAN,31208
FLORIDA,1980,HOUSE,4,Bill Chappell,DEMOCRATIC,147775
FLORIDA,1980,HOUSE,4,Barney E. Dillard Jr.,REPUBLICAN,76924
FLORIDA,1980,HOUSE,5,Bill McCollum,REPUBLICAN,177603
FLORIDA,1980,HOUSE,5,David Best,DEMOCRATIC,140903
FLORIDA,1980,HOUSE,6,C. W. Bill Young,REPUBLICAN,0
FLORIDA,1980,HOUSE,7,Sam M. Gibbons,DEMOCRATIC,132529
FLORIDA,1980,HOUSE,7,Charles F. Chuck Jones,REPUBLICAN,82138
FLORIDA,1980,HOUSE,8,Andy Ireland,DEMOCRATIC,151613
FLORIDA,1980,HOUSE,8,Scott Nicholsen,REPUBLICAN,61820
FLORIDA,1980,HOUSE,9,Bill Nelson,DEMOCRATIC,139468
FLORIDA,1980,HOUSE,9,Stan Dowiat,REPUBLICAN,58734
FLORIDA,1980,PRESIDENTIAL,,Ronald Reagan,REPUBLICAN,2046951
FLORIDA,1980,PRESIDENTIAL,,Jimmy Carter,DEMOCRATIC,1419475
FLORIDA,1980,SENATE,,Paula Hawkins,REPUBLICAN,1822460
FLORIDA,1980,SENATE,,Bill Gunter,DEMOCRATIC,1705409
GEORGIA,1980,HOUSE,1,Bo Ginn,DEMOCRAT,82145
GEORGIA,1980,HOUSE,2,Charles Hatcher,DEMOCRAT,92264
GEORGIA,1980,HOUSE,2,Jack E. Harrall Jr.,REPUBLICAN,33107
GEORGIA,1980,HOUSE,3,Jack Brinkley,DEMOCRAT,89040
GEORGIA,1980,HOUSE,4,Elliott H. Levitas,DEMOCRATIC,117091
GEORGIA,1980,HOUSE,4,Barry Billington,REPUBLICAN,51546
GEORGIA,1980,HOUSE,5,Wyche Fowler Jr.,DEMOCRATIC,101646
GEORGIA,1980,HOUSE,5,F. William Dowda,REPUBLICAN,35640
GEORGIA,1980,HOUSE,6,Newt Gingrich,REPUBLICAN,96071
GEORGIA,1980,HOUSE,6,Dock H. Davis,DEMOCRATIC,66696
GEORGIA,1980,HOUSE,7,Larry P. McDonald,DEMOCRATIC,115892
GEORGIA,1980,HOUSE,7,Richard Castellucia,REPUBLICAN,54242
GEORGIA,1980,HOUSE,8,Billy Lee Evans,DEMOCRATIC,91103
GEORGIA,1980,HOUSE,8,Darwin Carter,REPUBLICAN,31033
GEORGIA,1980,HOUSE,9,Ed Jenkins,DEMOCRATIC,115576
GEORGIA,1980,HOUSE,9,David Ashworth,REPUBLICAN,54341
GEORGIA,1980,HOUSE,10,Doug Barnard Jr.,DEMOCRATIC,102177
GEORGIA,1980,HOUSE,10,Bruce J. Neubauer,REPUBLICAN,25194
GEORGIA,1980,PRESIDENTIAL,,Ronald Reagan,REPUBLICAN,890955
GEORGIA,1980,PRESIDENTIAL,,Jimmy Carter,DEMOCRATIC,654108
GEORGIA,1980,SENATE,,Mack Mattingly,REPUBLICAN,803686
GEORGIA,1980,SENATE,,Herman E. Talmadge,DEMOCRAT,776143
GUAM,1980,DELEGATE,,Antonio Borja Won Pat,DEMOCRAT,14834
GUAM,1980,DELEGATE,,Antonio M. Palomo,REPUBLICAN,10622
HAWAII,1980,HOUSE,1,Cec Heftel,DEMOCRATIC,98356
HAWAII,1980,HOUSE,1,Aloha Kuea Noble,REPUBLICAN,19819
HAWAII,1980,HOUSE,2,Daniel K. Akaka,DEMOCRAT,141477
HAWAII,1980,HOUSE,2,Don G. Smith,LIBERTARIAN,15903
HAWAII,1980,PRESIDENTIAL,,Jimmy Carter,DEMOCRATIC,135879
HAWAII,1980,PRESIDENTIAL,,Ronald Reagan,REPUBLICAN,130112
HAWAII,1980,SENATE,,Daniel K. Inouye,DEMOCRATIC,224485
HAWAII,1980,SENATE,,Cooper Brown,REPUBLICAN,53068
IDAHO,1980,HOUSE,1,Larry Craig,REPUBLICAN,116845
IDAHO,1980,HOUSE,1,Glenn W. Nichols,DEMOCRAT,100697
IDAHO,1980,HOUSE,2,George Hansen,REPUBLICAN,116196
IDAHO,1980,HOUSE,2,Diane Bilyeu,DEMOCRAT,81364
IDAHO,1980,PRESIDENTIAL,,Ronald Reagan,REPUBLICAN,290699
IDAHO,1980,PRESIDENTIAL,,Jimmy Carter,DEMOCRATIC,110192
IDAHO,1980,SENATE,,Steve Symms,REPUBLICAN,218701
IDAHO,1980,SENATE,,Frank Church,DEMOCRAT,214439
ILLINOIS,1980,PRESIDENTIAL,,Ronald Reagan,REPUBLICAN,2358049
ILLINOIS,1980,PRESIDENTIAL,,Jimmy Carter,DEMOCRATIC,1981413
ILLINOIS,1980,SENATE,,Alan J. Dixon,DEMOCRATIC,2565302
ILLINOIS,1980,SENATE,,David C. O'Neal,REPUBLICAN,1946296
INDIANA,1980,HOUSE,1,Adam Benjamin Jr.,DEMOCRATIC,112016
INDIANA,1980,HOUSE,1,Joseph Douglas Harkin,REPUBLICAN,43537
INDIANA,1980,HOUSE,2,Floyd J. Fithian,DEMOCRATIC,122326
INDIANA,1980,HOUSE,2,Ernest Niemeyer,REPUBLICAN,103357
INDIANA,1980,HOUSE,3,John Patrick Hiler,REPUBLICAN,103972
INDIANA,1980,HOUSE,3,John Brademas,DEMOCRATIC,85136
INDIANA,1980,HOUSE,4,Dan R. Coats,REPUBLICAN,120055
INDIANA,1980,HOUSE,4,John D. Walda,DEMOCRATIC,77542
INDIANA,1980,HOUSE,5,Elwood H. Hillis,REPUBLICAN,129474
INDIANA,1980,HOUSE,5,Nels J. Ackerson,DEMOCRATIC,80378
INDIANA,1980,HOUSE,6,Dave Evans,DEMOCRATIC,99089
INDIANA,1980,HOUSE,6,David G. Crane,REPUBLICAN,98302
INDIANA,1980,HOUSE,7,John T. Myers,REPUBLICAN,137604
INDIANA,1980,HOUSE,7,Patrick D. Carroll,DEMOCRATIC,69051
INDIANA,1980,HOUSE,8,Joel Deckard,REPUBLICAN,119415
INDIANA,1980,HOUSE,8,Kenneth C. Snider,DEMOCRATIC,97059
INDIANA,1980,HOUSE,9,Lee H. Hamilton,DEMOCRATIC,136574
INDIANA,1980,HOUSE,9,George Meyer Jr.,REPUBLICAN,75601
INDIANA,1980,HOUSE,10,Philip R. Sharp,DEMOCRATIC,103083
INDIANA,1980,HOUSE,10,William G. Frazier,REPUBLICAN,90051
INDIANA,1980,HOUSE,11,Andrew Jacobs Jr.,DEMOCRATIC,105468
INDIANA,1980,HOUSE,11,Sheila Suess,REPUBLICAN,78743
INDIANA,1980,PRESIDENTIAL,,Ronald Reagan,REPUBLICAN,1255656
INDIANA,1980,PRESIDENTIAL,,Jimmy Carter,DEMOCRATIC,844197
INDIANA,1980,SENATE,,Dan Quayle,REPUBLICAN,1182414
INDIANA,1980,SENATE,,Birch Bayh,DEMOCRATIC,1015962
IOWA,1980,HOUSE,1,Jim Leach,REPUBLICAN,133349
IOWA,1980,HOUSE,1,Jim Larew,DEMOCRATIC,72602
IOWA,1980,HOUSE,2,Tom Tauke,REPUBLICAN,111587
IOWA,1980,HOUSE,2,Steve Sovern,DEMOCRATIC,93175
IOWA,1980,HOUSE,3,Cooper Evans,REPUBLICAN,107869
IOWA,1980,HOUSE,3,Lynne G. Cutler,DEMOCRATIC,101735
IOWA,1980,HOUSE,4,Neal Smith,DEMOCRATIC,117396
IOWA,1980,HOUSE,4,Donald C. Young,REPUBLICAN,100335
IOWA,1980,HOUSE,5,Tom Harkin,DEMOCRATIC,127895
IOWA,1980,HOUSE,5,Cal Hultman,REPUBLICAN,84472
IOWA,1980,HOUSE,6,Berkley Bedell,DEMOCRATIC,129460
IOWA,1980,HOUSE,6,Clarence S. Carney,REPUBLICAN,71866
IOWA,1980,PRESIDENTIAL,,Ronald Reagan,REPUBLICAN,676025
IOWA,1980,PRESIDENTIAL,,Jimmy Carter,DEMOCRATIC,508672
KANSAS,1980,HOUSE,1,Pat Roberts,REPUBLICAN,121545
KANSAS,1980,HOUSE,1,Phil Martin,DEMOCRATIC,73586
KANSAS,1980,HOUSE,2,Jim Jeffries,REPUBLICAN,92107
KANSAS,1980,HOUSE,2,Sam Keys,DEMOCRATIC,78859
KANSAS,1980,HOUSE,3,Larry Winn Jr.,REPUBLICAN,99294
KANSAS,1980,HOUSE,3,Dan Watkins,DEMOCRATIC,82414
KANSAS,1980,HOUSE,4,Dan Glickman,DEMOCRATIC,124014
KANSAS,1980,HOUSE,4,Clay Hunter,REPUBLICAN,55899
KANSAS,1980,HOUSE,5,Bob Whittaker,REPUBLICAN,141029
KANSAS,1980,HOUSE,5,David L. Miller,DEMOCRATIC,45676
KANSAS,1980,PRESIDENTIAL,,Ronald Reagan,REPUBLICAN,566812
KANSAS,1980,PRESIDENTIAL,,Jimmy Carter,DEMOCRATIC,326150
KANSAS,1980,SENATE,,Bob Dole,REPUBLICAN,598686
KANSAS,1980,SENATE,,John Simpson,DEMOCRATIC,340271
KENTUCKY,1980,HOUSE,1,Carroll Hubbard Jr.,DEMOCRAT,118565
KENTUCKY,1980,HOUSE,2,William H. Natcher,DEMOCRAT,99670
KENTUCKY,1980,HOUSE,2,Mark T. Watson,REPUBLICAN,52110
KENTUCKY,1980,HOUSE,3,Romano L. Mazzoli,DEMOCRAT,46681
KENTUCKY,1980,HOUSE,3,Richard Cesler,REPUBLICAN,1272
KENTUCKY,1980,HOUSE,4,Gene Snyder,REPUBLICAN,126049
KENTUCKY,1980,HOUSE,4,Phil M. McGary,DEMOCRAT,54027
KENTUCKY,1980,HOUSE,5,Harold Hal Rogers,REPUBLICAN,112093
KENTUCKY,1980,HOUSE,5,Ted R. Marcum,DEMOCRAT,72473
KENTUCKY,1980,HOUSE,6,Larry J. Hopkins,REPUBLICAN,105376
KENTUCKY,1980,HOUSE,6,Tom Easterly,DEMOCRAT,1202
KENTUCKY,1980,HOUSE,7,Carl D. Perkins,DEMOCRAT,117665
KENTUCKY,1980,PRESIDENTIAL,,Ronald Reagan,REPUBLICAN,635274
KENTUCKY,1980,PRESIDENTIAL,,Jimmy Carter,DEMOCRATIC,617417
KENTUCKY,1980,SENATE,,Wendell H. Ford,DEMOCRAT,720891
KENTUCKY,1980,SENATE,,Mary Louise Foust,REPUBLICAN,386029
LOUISIANA,1980,HOUSE,1,Robert L. Bob Livingston,REPUBLICAN,81777
LOUISIANA,1980,HOUSE,1,Michael J. Musmeci Sr.,DEMOCRATIC,8277
LOUISIANA,1980,HOUSE,2,Lindy Mrs. Hale Boggs,DEMOCRATIC,45091
LOUISIANA,1980,HOUSE,2,Rob Couhig,REPUBLICAN,25521
LOUISIANA,1980,HOUSE,3,W. J. Billy Tauzin,DEMOCRATIC,89455
LOUISIANA,1980,HOUSE,3,Bob Namer,DEMOCRATIC,14074
LOUISIANA,1980,HOUSE,4,Buddy Roemer,DEMOCRATIC,103625
LOUISIANA,1980,HOUSE,4,Claude Buddy Leach,DEMOCRATIC,58705
LOUISIANA,1980,HOUSE,5,Jerry Huckaby,DEMOCRATIC,93519
LOUISIANA,1980,HOUSE,5,I.D. Knox,DEMOCRATIC,11748
LOUISIANA,1980,HOUSE,6,W. Henson Moore,REPUBLICAN,118549
LOUISIANA,1980,HOUSE,6,Alice Brooks,DEMOCRATIC,12149
LOUISIANA,1980,HOUSE,7,T. John Breaux,DEMOCRATIC,0
LOUISIANA,1980,HOUSE,8,Gillis Long,DEMOCRATIC,75433
LOUISIANA,1980,HOUSE,8,Clyde C. Holloway,REPUBLICAN,27816
LOUISIANA,1980,PRESIDENTIAL,,Ronald Reagan,REPUBLICAN,792853
LOUISIANA,1980,PRESIDENTIAL,,Jimmy Carter,DEMOCRATIC,708453
LOUISIANA,1980,SENATE,,Russell B. Long,DEMOCRATIC,484770
LOUISIANA,1980,SENATE,,Louis Woody Jenkins,DEMOCRATIC,325922
MAINE,1980,HOUSE,1,David F. Emery,REPUBLICAN,188667
MAINE,1980,HOUSE,1,Harold C. Pachios,DEMOCRATIC,86819
MAINE,1980,HOUSE,2,Olympia J. Snowe,REPUBLICAN,186406
MAINE,1980,HOUSE,2,Harold L. Silverman,DEMOCRATIC,51026
MAINE,1980,PRESIDENTIAL,,Ronald Reagan,REPUBLICAN,238522
MAINE,1980,PRESIDENTIAL,,Jimmy Carter,DEMOCRATIC,220974
MARYLAND,1980,HOUSE,1,Roy Dyson,DEMOCRATIC,97743
MARYLAND,1980,HOUSE,1,Robert E. Bauman,REPUBLICAN,91143
MARYLAND,1980,HOUSE,2,Clarence D. Long,DEMOCRATIC,121017
MARYLAND,1980,HOUSE,2,Helen Delich Bentley,REPUBLICAN,89961
MARYLAND,1980,HOUSE,3,Barbara A. Mikulski,DEMOCRATIC,102293
MARYLAND,1980,HOUSE,3,Russell T. Schaffer,REPUBLICAN,32074
MARYLAND,1980,HOUSE,4,Marjorie S. Holt,REPUBLICAN,120985
MARYLAND,1980,HOUSE,4,James J. Riley,DEMOCRATIC,47375
MARYLAND,1980,HOUSE,5,Gladys Noon Spellman,DEMOCRATIC,106035
MARYLAND,1980,HOUSE,5,Kevin R. Igoe,REPUBLICAN,25693
MARYLAND,1980,HOUSE,6,Beverly B. Byron,DEMOCRATIC,146191
MARYLAND,1980,HOUSE,6,Raymond E. Beck,REPUBLICAN,62913
MARYLAND,1980,HOUSE,7,Parren J. Mitchell,DEMOCRATIC,97194
MARYLAND,1980,HOUSE,7,Victor Clark Jr.,REPUBLICAN,12650
MARYLAND,1980,HOUSE,8,Michael D. Barnes,DEMOCRATIC,148301
MARYLAND,1980,HOUSE,8,Newton Steers,REPUBLICAN,101659
MARYLAND,1980,PRESIDENTIAL,,Jimmy Carter,DEMOCRATIC,726161
MARYLAND,1980,PRESIDENTIAL,,Ronald Reagan,REPUBLICAN,680606
MARYLAND,1980,SENATE,,Charles McC. Mathias Jr.,REPUBLICAN,850970
MARYLAND,1980,SENATE,,Edward T. Conroy,DEMOCRATIC,435118
MASSACHUSETTS,1980,HOUSE,1,Silvio O. Conte,REPUBLICAN,156514
MASSACHUSETTS,1980,HOUSE,1,Helen Denny Doyle,DEMOCRAT,52457
MASSACHUSETTS,1980,HOUSE,2,Edward P. Boland,DEMOCRAT,120711
MASSACHUSETTS,1980,HOUSE,2,Thomas P. Swank,REPUBLICAN,38672
MASSACHUSETTS,1980,HOUSE,3,Joseph D. Early,DEMOCRAT,141560
MASSACHUSETTS,1980,HOUSE,3,David G. Skehan,REPUBLICAN,54213
MASSACHUSETTS,1980,HOUSE,4,Barney Frank,DEMOCRAT,103466
MASSACHUSETTS,1980,HOUSE,4,Richard A. Jones,REPUBLICAN,95898
MASSACHUSETTS,1980,HOUSE,5,James M. Shannon,DEMOCRAT,136758
MASSACHUSETTS,1980,HOUSE,5,William C. Sawyer,REPUBLICAN,70547
MASSACHUSETTS,1980,HOUSE,6,Nicholas Mavroules,DEMOCRAT,111393
MASSACHUSETTS,1980,HOUSE,6,Thomas H. Trimarco,REPUBLICAN,103192
MASSACHUSETTS,1980,HOUSE,7,Edward J. Markey,DEMOCRAT,155759
MASSACHUSETTS,1980,HOUSE,8,Thomas P. O'Neill Jr.,DEMOCRAT,128689
MASSACHUSETTS,1980,HOUSE,8,William A. Barnstead,REPUBLICAN,35477
MASSACHUSETTS,1980,PRESIDENTIAL,,Ronald Reagan,REPUBLICAN,1057631
MASSACHUSETTS,1980,PRESIDENTIAL,,Jimmy Carter,DEMOCRATIC,1053802
MICHIGAN,1980,HOUSE,1,John Conyers Jr.,DEMOCRAT,123286
MICHIGAN,1980,HOUSE,1,William M. Bell,REPUBLICAN,6244
MICHIGAN,1980,HOUSE,2,Carl D. Pursell,REPUBLICAN,115562
MICHIGAN,1980,HOUSE,2,Kathleen F. O'Reilly,DEMOCRAT,83550
MICHIGAN,1980,HOUSE,3,Howard Wolpe,DEMOCRAT,113080
MICHIGAN,1980,HOUSE,3,James S. Gilmore,REPUBLICAN,102531
MICHIGAN,1980,PRESIDENTIAL,,Ronald Reagan,REPUBLICAN,1915225
MICHIGAN,1980,PRESIDENTIAL,,Jimmy Carter,DEMOCRATIC,1661532
MINNESOTA,1980,HOUSE,5,Martin Olav Sabo,DEMOCRAT,126451
MINNESOTA,1980,HOUSE,5,John Doherty,REPUBLICAN,45200
MINNESOTA,1980,HOUSE,6,Vin Weber,REPUBLICAN,124026
MINNESOTA,1980,HOUSE,6,Archie Baumann,DEMOCRAT,140402
MINNESOTA,1980,HOUSE,7,Arlan Stangeland,REPUBLICAN,182228
MINNESOTA,1980,HOUSE,7,Gene Wenstrom,DEMOCRAT,135084
MINNESOTA,1980,HOUSE,8,James L. Oberstar,DEMOCRAT,72350
MINNESOTA,1980,HOUSE,8,Edward Fiore,REPUBLICAN,4134
MINNESOTA,1980,PRESIDENTIAL,,Jimmy Carter,DEMOCRATIC,954174
MINNESOTA,1980,PRESIDENTIAL,,Ronald Reagan,REPUBLICAN,873241
MISSISSIPPI,1980,HOUSE,1,Jamie L. Whitten,DEMOCRATIC,104269
MISSISSIPPI,1980,HOUSE,1,T.K. Moffett,REPUBLICAN,61292
MISSISSIPPI,1980,HOUSE,2,David R. Bowen,DEMOCRATIC,96750
MISSISSIPPI,1980,HOUSE,2,Frank Drake,REPUBLICAN,42300
MISSISSIPPI,1980,HOUSE,3,G.V. Sonny Montgomery,DEMOCRATIC,128035
MISSISSIPPI,1980,HOUSE,4,Jon C. Henson,REPUBLICAN,69321
MISSISSIPPI,1980,HOUSE,4,Britt R. Singletary,DEMOCRATIC,52303
MISSISSIPPI,1980,HOUSE,5,Trent Lott,REPUBLICAN,131559
MISSISSIPPI,1980,HOUSE,5,Jimmy McVeay,DEMOCRATIC,46416
MISSISSIPPI,1980,PRESIDENTIAL,,Ronald Reagan,REPUBLICAN,441089
MISSISSIPPI,1980,PRESIDENTIAL,,Jimmy Carter,DEMOCRATIC,429281
MISSOURI,1980,HOUSE,1,William Bill Clay,DEMOCRATIC,91272
MISSOURI,1980,HOUSE,1,Bill White,REPUBLICAN,38567
MISSOURI,1980,HOUSE,2,Robert A. Young,DEMOCRATIC,148227
MISSOURI,1980,HOUSE,2,John O. Shields,REPUBLICAN,81762
MISSOURI,1980,HOUSE,3,Richard A. Gephardt,DEMOCRATIC,143132
MISSOURI,1980,HOUSE,3,Robert A. Cedarburg,REPUBLICAN,41277
MISSOURI,1980,HOUSE,4,Ike Skelton,DEMOCRATIC,151459
MISSOURI,1980,HOUSE,4,Bill Baker,REPUBLICAN,71869
MISSOURI,1980,HOUSE,5,Richard Bolling,DEMOCRAT,110957
MISSOURI,1980,HOUSE,5,Vincent E. Baker,REPUBLICAN,47309
MISSOURI,1980,HOUSE,6,Tom Coleman,REPUBLICAN,149281
MISSOURI,1980,HOUSE,6,Vernon King,DEMOCRAT,62048
MISSOURI,1980,HOUSE,7,Gene Taylor,REPUBLICAN,151668
MISSOURI,1980,HOUSE,7,Ken Young,DEMOCRAT,76844
MISSOURI,1980,HOUSE,8,Wendell Bailey,REPUBLICAN,127675
MISSOURI,1980,HOUSE,8,Steve Gardner,DEMOCRAT,95751
MISSOURI,1980,HOUSE,9,Harold L. Volkmer,DEMOCRAT,135905
MISSOURI,1980,HOUSE,9,John W. Turner,REPUBLICAN,104835
MISSOURI,1980,HOUSE,10,Bill Emerson,REPUBLICAN,116167
MISSOURI,1980,HOUSE,10,Bill D. Burlison,DEMOCRAT,94465
MISSOURI,1980,PRESIDENTIAL,,Ronald Reagan,REPUBLICAN,1074181
MISSOURI,1980,PRESIDENTIAL,,Jimmy Carter,DEMOCRATIC,931182
MISSOURI,1980,SENATE,,Gene McNary,REPUBLICAN,985399
MISSOURI,1980,SENATE,,Thomas F. Eagleton,DEMOCRATIC,1074859
MONTANA,1980,HOUSE,1,Pat Williams,DEMOCRAT,112866
MONTANA,1980,HOUSE,1,John K. Jack McDonald,REPUBLICAN,70874
MONTANA,1980,HOUSE,2,Ron Marlenee,REPUBLICAN,91431
MONTANA,1980,HOUSE,2,Tom Thomas Monahan,DEMOCRAT,63370
MONTANA,1980,PRESIDENTIAL,,Ronald Reagan,REPUBLICAN,206814
MONTANA,1980,PRESIDENTIAL,,Jimmy Carter,DEMOCRATIC,118032
NEBRASKA,1980,HOUSE,1,Doug Bereuter,REPUBLICAN,160705
NEBRASKA,1980,HOUSE,1,Doug Bereuter,REPUBLICAN,160705
NEBRASKA,1980,HOUSE,1,Rex S. Story,DEMOCRATIC,43605
NEBRASKA,1980,HOUSE,2,Hal Daub,REPUBLICAN,107736
NEBRASKA,1980,HOUSE,2,Richard M. Fellman,DEMOCRATIC,88843
NEBRASKA,1980,HOUSE,3,Virginia Smith,REPUBLICAN,182887
NEBRASKA,1980,HOUSE,3,Stan Ditus,DEMOCRATIC,34967
NEBRASKA,1980,PRESIDENTIAL,,Ronald Reagan,REPUBLICAN,419214
NEBRASKA,1980,PRESIDENTIAL,,Jimmy Carter,DEMOCRATIC,166424
NEVADA,1980,HOUSE,,Jim Santini,DEMOCRATIC,165107
NEVADA,1980,HOUSE,,Vince Saunders,REPUBLICAN,63163
NEVADA,1980,PRESIDENTIAL,,Ronald Reagan,REPUBLICAN,155017
NEVADA,1980,PRESIDENTIAL,,Jimmy Carter,DEMOCRATIC,66666
NEVADA,1980,SENATE,,Paul Laxalt,REPUBLICAN,144224
NEVADA,1980,SENATE,,Mary Gojack,DEMOCRATIC,92129
NEW HAMPSHIRE,1980,HOUSE,1,Norman E. D'Amours,DEMOCRATIC,114061
NEW HAMPSHIRE,1980,HOUSE,1,Marshall W. Cobleigh,REPUBLICAN,73565
NEW HAMPSHIRE,1980,HOUSE,2,Judd Gregg,REPUBLICAN,113304
NEW HAMPSHIRE,1980,HOUSE,2,Maurice L. Arel,DEMOCRATIC,63350
NEW HAMPSHIRE,1980,PRESIDENTIAL,,Ronald Reagan,REPUBLICAN,221705
NEW HAMPSHIRE,1980,PRESIDENTIAL,,Jimmy Carter,DEMOCRATIC,108864
NEW HAMPSHIRE,1980,SENATE,,Warren Rudman,REPUBLICAN,195559
NEW HAMPSHIRE,1980,SENATE,,John A. Durkin,DEMOCRATIC,179455
NEW JERSEY,1980,HOUSE,1,James J. Florio,DEMOCRATIC,147352
NEW JERSEY,1980,HOUSE,1,Scott L. Sibert,REPUBLICAN,42154
NEW JERSEY,1980,HOUSE,2,William J. Hughes,DEMOCRAT,135437
NEW JERSEY,1980,HOUSE,2,Beech N. Fox,REPUBLICAN,97072
NEW JERSEY,1980,HOUSE,3,James J. Howard,DEMOCRAT,106269
NEW JERSEY,1980,HOUSE,3,Marie Sheehan Muhler,REPUBLICAN,104184
NEW JERSEY,1980,HOUSE,4,Christopher H. Smith,REPUBLICAN,95444
NEW JERSEY,1980,HOUSE,4,Frank Thompson Jr.,DEMOCRAT,68480
NEW JERSEY,1980,HOUSE,5,Millicent Fenwick,REPUBLICAN,156019
NEW JERSEY,1980,HOUSE,5,Kieran P. Pillion Jr.,DEMOCRAT,41269
NEW JERSEY,1980,HOUSE,6,Edwin B. Forsythe,REPUBLICAN,125792
NEW JERSEY,1980,HOUSE,6,Lewis M. Weinstein,DEMOCRAT,92227
NEW JERSEY,1980,HOUSE,7,Marge Roukema,REPUBLICAN,108760
NEW JERSEY,1980,HOUSE,7,Andrew Maguire,DEMOCRAT,99737
NEW JERSEY,1980,HOUSE,8,Robert A. Roe,DEMOCRAT,95493
NEW JERSEY,1980,HOUSE,8,William R. Cleveland,REPUBLICAN,44625
NEW JERSEY,1980,HOUSE,9,Harold C. Hollenbeck,REPUBLICAN,116128
NEW JERSEY,1980,HOUSE,9,Gabriel M. Ambrosio,DEMOCRAT,75321
NEW JERSEY,1980,HOUSE,10,Peter W. Rodino Jr.,DEMOCRAT,76154
NEW JERSEY,1980,HOUSE,10,Everett J. Jennings,REPUBLICAN,11778
NEW JERSEY,1980,HOUSE,11,Joseph G. Minish,DEMOCRAT,106155
NEW JERSEY,1980,HOUSE,11,Robert A. Davis,REPUBLICAN,57772
NEW JERSEY,1980,HOUSE,12,Matthew J. Rinaldo,REPUBLICAN,134973
NEW JERSEY,1980,HOUSE,12,Rose Zeidwerg Monyek,DEMOCRAT,36577
NEW JERSEY,1980,HOUSE,13,Jim Courter,REPUBLICAN,152862
NEW JERSEY,1980,HOUSE,13,Dave Stickle,DEMOCRAT,56251
NEW JERSEY,1980,HOUSE,14,Frank J. Guarini,DEMOCRAT,86921
NEW JERSEY,1980,HOUSE,14,Dennis Teti,REPUBLICAN,45906
NEW JERSEY,1980,HOUSE,15,Bernard J. Dwyer,DEMOCRAT,92457
NEW JERSEY,1980,HOUSE,15,William J. O'Sullivan Jr.,REPUBLICAN,75812
NEW JERSEY,1980,PRESIDENTIAL,,Ronald Reagan,REPUBLICAN,1546557
NEW JERSEY,1980,PRESIDENTIAL,,Jimmy Carter,DEMOCRATIC,1147364
NEW MEXICO,1980,HOUSE,1,Manuel Lujan Jr.,REPUBLICAN,125910
NEW MEXICO,1980,HOUSE,1,Bill Richardson,DEMOCRAT,120903
NEW MEXICO,1980,HOUSE,2,Joseph R. Skeen,REPUBLICAN,61564
NEW MEXICO,1980,HOUSE,2,David W. King,DEMOCRATIC,55085
NEW MEXICO,1980,PRESIDENTIAL,,Ronald Reagan,REPUBLICAN,226779
NEW MEXICO,1980,PRESIDENTIAL,,Jimmy Carter,DEMOCRATIC,167826
NEW YORK,1980,HOUSE,1,William Carney,REPUBLICAN,91647
NEW YORK,1980,HOUSE,1,Thomas A. Twomey,DEMOCRATIC,85629
NEW YORK,1980,HOUSE,2,Thomas J. Downey,DEMOCRATIC,84085
NEW YORK,1980,HOUSE,2,Louis J. Modica,REPUBLICAN,51256
NEW YORK,1980,HOUSE,3,Gregory W. Carman,REPUBLICAN,74368
NEW YORK,1980,HOUSE,3,Jerome A. Ambro Jr.,DEMOCRATIC,75389
NEW YORK,1980,HOUSE,4,Norman F. Lent,REPUBLICAN,97064
NEW YORK,1980,HOUSE,4,Charles F. Brennan,DEMOCRAT,54607
NEW YORK,1980,HOUSE,5,Raymond J. McGrath,REPUBLICAN,88945
NEW YORK,1980,HOUSE,5,Karen S. Burstein,DEMOCRAT,73032
NEW YORK,1980,HOUSE,6,John LeBoutillier,REPUBLICAN,71838
NEW YORK,1980,HOUSE,6,Lester L. Wolff,DEMOCRAT,74319
NEW YORK,1980,HOUSE,7,Joseph P. Addabbo,DEMOCRAT,73785
NEW YORK,1980,HOUSE,8,Benjamin S. Rosenthal,DEMOCRAT,79150
NEW YORK,1980,HOUSE,8,Albert Lemishow,REPUBLICAN,20970
NEW YORK,1980,HOUSE,9,Geraldine Ferraro,DEMOCRAT,63796
NEW YORK,1980,HOUSE,9,Vito P. Battista,REPUBLICAN,34453
NEW YORK,1980,HOUSE,10,Mario Biaggi,DEMOCRAT,57804
NEW YORK,1980,HOUSE,11,James H. Scheuer,DEMOCRAT,69922
NEW YORK,1980,HOUSE,11,Andrew E. Carlan,REPUBLICAN,19128
NEW YORK,1980,HOUSE,12,Shirley Chisholm,DEMOCRAT,34611
NEW YORK,1980,HOUSE,12,Charles Gibbs,REPUBLICAN,3372
NEW YORK,1980,SENATE,,Alfonse M. D'Amato,REPUBLICAN,2272982
NEW YORK,1980,SENATE,,Elizabeth Holtzman,DEMOCRATIC,2618661
NORTH CAROLINA,1980,HOUSE,1,Walter B. Jones,DEMOCRATIC,108738
NORTH CAROLINA,1980,HOUSE,2,I.H. Fountain,DEMOCRATIC,99297
NORTH CAROLINA,1980,HOUSE,2,Barry L. Gardner,REPUBLICAN,35946
NEW YORK,1980,PRESIDENTIAL,,Ronald Reagan,REPUBLICAN,2728372
NEW YORK,1980,PRESIDENTIAL,,Jimmy Carter,DEMOCRATIC,2307769
NORTH CAROLINA,1980,HOUSE,3,Charles O. Whitley,DEMOCRATIC,84862
NORTH CAROLINA,1980,HOUSE,3,Larry J. Parker,REPUBLICAN,39393
NORTH CAROLINA,1980,HOUSE,4,Ike Andrews,DEMOCRATIC,97167
NORTH CAROLINA,1980,HOUSE,4,Thurman Hogan,REPUBLICAN,84631
NORTH CAROLINA,1980,HOUSE,5,Stephen L. Neal,DEMOCRATIC,99117
NORTH CAROLINA,1980,HOUSE,5,Anne Bagnal,REPUBLICAN,94834
NORTH CAROLINA,1980,HOUSE,6,Eugene Johnston,REPUBLICAN,80275
NORTH CAROLINA,1980,HOUSE,6,Richardson Preyer,DEMOCRATIC,76957
NORTH CAROLINA,1980,HOUSE,7,Charles G. Rose,DEMOCRATIC,88564
NORTH CAROLINA,1980,HOUSE,7,Vivian S. Wright,REPUBLICAN,40270
NORTH CAROLINA,1980,HOUSE,8,W.G. Bill Hefner,DEMOCRATIC,95013
NORTH CAROLINA,1980,HOUSE,8,L.E. Harris,REPUBLICAN,67317
NORTH CAROLINA,1980,HOUSE,9,James G. Martin,REPUBLICAN,101156
NORTH CAROLINA,1980,HOUSE,9,Randall P. Kincaid,DEMOCRATIC,71594
NORTH CAROLINA,1980,HOUSE,10,James T. Broyhill,REPUBLICAN,120777
NORTH CAROLINA,1980,HOUSE,10,James O. Icenhour,DEMOCRATIC,52485
NORTH CAROLINA,1980,HOUSE,11,William M. Bill Hendon,REPUBLICAN,104485
NORTH CAROLINA,1980,HOUSE,11,Lamar Gudger,DEMOCRATIC,90789
NORTH CAROLINA,1980,PRESIDENTIAL,,Ronald Reagan,REPUBLICAN,915018
NORTH CAROLINA,1980,PRESIDENTIAL,,Jimmy Carter,DEMOCRATIC,875635
NORTH CAROLINA,1980,SENATE,,John P. East,REPUBLICAN,898064
NORTH CAROLINA,1980,SENATE,,Robert Morgan,DEMOCRATIC,887653
NORTH DAKOTA,1980,HOUSE,,Bryon L. Dorgan,DEMOCRATIC,166437
NORTH DAKOTA,1980,HOUSE,,Jim Smykowski,REPUBLICAN,124767
NORTH DAKOTA,1980,PRESIDENTIAL,,Ronald Reagan,REPUBLICAN,193635
NORTH DAKOTA,1980,PRESIDENTIAL,,Jimmy Carter,DEMOCRATIC,79189
NORTH DAKOTA,1980,SENATE,,Mark Andrews,REPUBLICAN,210347
NORTH DAKOTA,1980,SENATE,,Kent Johanneson,DEMOCRATIC,86658
OHIO,1980,HOUSE,1,Willis D. Gradison Jr.,REPUBLICAN,124080
OHIO,1980,HOUSE,1,Donald J. Zwick,DEMOCRATIC,38529
OHIO,1980,HOUSE,2,Thomas A. Luken,DEMOCRATIC,103423
OHIO,1980,HOUSE,2,Tom Thearon Atkins,REPUBLICAN,72693
OHIO,1980,HOUSE,3,Tony P. Hall,DEMOCRATIC,95558
OHIO,1980,HOUSE,3,Albert H. Sealy,REPUBLICAN,66698
OHIO,1980,HOUSE,4,Tennyson Guyer,REPUBLICAN,133795
OHIO,1980,HOUSE,4,Gerry Tebben,DEMOCRATIC,51150
OHIO,1980,HOUSE,5,Delbert L. Latta,REPUBLICAN,137003
OHIO,1980,HOUSE,5,James R. Sherck,DEMOCRATIC,57704
OHIO,1980,HOUSE,6,Bob McEwen,REPUBLICAN,101288
OHIO,1980,HOUSE,6,Ted Strickland,DEMOCRATIC,84235
OHIO,1980,HOUSE,7,Clarence J. Brown,REPUBLICAN,124137
OHIO,1980,HOUSE,7,Donald Hollister,DEMOCRATIC,38952
OHIO,1980,HOUSE,8,Thomas N. Kindness,REPUBLICAN,139590
OHIO,1980,HOUSE,8,John W. Griffin,DEMOCRATIC,44162
OHIO,1980,HOUSE,9,Ed Weber,REPUBLICAN,96927
OHIO,1980,HOUSE,9,Thomas Ludlow Ashley,DEMOCRATIC,68728
OHIO,1980,HOUSE,10,Clarence E. Miller,REPUBLICAN,143403
OHIO,1980,HOUSE,10,Jack E. Stecher,DEMOCRATIC,49433
OHIO,1980,HOUSE,11,J. William Stanton,REPUBLICAN,128507
OHIO,1980,HOUSE,11,Patrick J. Donlin,DEMOCRATIC,51224
OHIO,1980,HOUSE,12,Samuel L. Devine,REPUBLICAN,98110
OHIO,1980,HOUSE,12,Bob Shamansky,DEMOCRATIC,108690
OHIO,1980,HOUSE,13,Donald J. Pease,DEMOCRATIC,113439
OHIO,1980,HOUSE,13,David Earl Armstrong,REPUBLICAN,64296
OHIO,1980,HOUSE,14,John F. Seiberling,DEMOCRATIC,103336
OHIO,1980,HOUSE,14,Louis A. Mangels,REPUBLICAN,55962
OHIO,1980,HOUSE,15,Chalmers P. Wylie,REPUBLICAN,129025
OHIO,1980,HOUSE,15,Terry Freeman,DEMOCRATIC,48708
OHIO,1980,HOUSE,16,Ralph Regula,REPUBLICAN,149960
OHIO,1980,HOUSE,16,Larry V. Slagle,DEMOCRATIC,39219
OHIO,1980,HOUSE,17,John M. Ashbrook,REPUBLICAN,128870
OHIO,1980,HOUSE,17,Donald E. Yunker,DEMOCRATIC,47900
OHIO,1980,REPRESENTATIVE,18,Douglas Applegate,DEMOCRAT,134835
OHIO,1980,REPRESENTATIVE,18,Gary L. Hammersley,REPUBLICAN,42354
OHIO,1980,REPRESENTATIVE,19,Lyle Williams,REPUBLICAN,107032
OHIO,1980,REPRESENTATIVE,19,Harry Meshel,DEMOCRAT,77272
OHIO,1980,REPRESENTATIVE,20,Mary Rose Oakar,DEMOCRAT,96217
OHIO,1980,REPRESENTATIVE,21,Louis Stokes,DEMOCRAT,83188
OHIO,1980,REPRESENTATIVE,21,Robert L. Woodall,REPUBLICAN,11109
OHIO,1980,REPRESENTATIVE,22,Dennis E. Eckart,DEMOCRAT,108137
OHIO,1980,REPRESENTATIVE,22,Joseph J. Nahra,REPUBLICAN,80836
OHIO,1980,REPRESENTATIVE,23,Ronald M. Motti,DEMOCRAT,144371
OHIO,1980,PRESIDENTIAL,,Ronald Reagan,REPUBLICAN,2206545
OHIO,1980,PRESIDENTIAL,,Jimmy Carter,DEMOCRATIC,1752414
OHIO,1980,SENATE,,John Glenn,DEMOCRATIC,2770786
OHIO,1980,SENATE,,James E. Betts,REPUBLICAN,1137695
OKLAHOMA,1980,HOUSE,1,James R. Jones,DEMOCRATIC,115381
OKLAHOMA,1980,HOUSE,1,Richard C. Dick Freeman,REPUBLICAN,82293
OKLAHOMA,1980,HOUSE,2,Mike Synar,DEMOCRATIC,101516
OKLAHOMA,1980,HOUSE,2,Gary Richardson,REPUBLICAN,86544
OKLAHOMA,1980,HOUSE,3,Wes Watkins,DEMOCRATIC,0
OKLAHOMA,1980,HOUSE,4,Dave McCurdy,DEMOCRATIC,74245
OKLAHOMA,1980,HOUSE,4,Howard Rutledge,REPUBLICAN,71339
OKLAHOMA,1980,HOUSE,5,Mickey Edwards,REPUBLICAN,90053
OKLAHOMA,1980,HOUSE,5,David Hood,DEMOCRATIC,36815
OKLAHOMA,1980,HOUSE,6,Glenn English,DEMOCRATIC,111694
OKLAHOMA,1980,HOUSE,6,Carol McCurley,REPUBLICAN,60980
OKLAHOMA,1980,PRESIDENTIAL,,Ronald Reagan,REPUBLICAN,695570
OKLAHOMA,1980,PRESIDENTIAL,,Jimmy Carter,DEMOCRATIC,402026
OKLAHOMA,1980,SENATE,,Don Nickles,REPUBLICAN,587252
OKLAHOMA,1980,SENATE,,Andy Coats,DEMOCRATIC,478283
OREGON,1980,HOUSE,1,Les AuCoin,DEMOCRAT,203532
OREGON,1980,HOUSE,1,Lynn Engdahl,REPUBLICAN,105083
OREGON,1980,HOUSE,2,Denny Smith,REPUBLICAN,141584
OREGON,1980,HOUSE,2,Al Ullman,DEMOCRAT,138089
OREGON,1980,HOUSE,3,Ron Wyden,DEMOCRAT,156371
OREGON,1980,HOUSE,3,Darrell R. Conger,REPUBLICAN,60940
OREGON,1980,HOUSE,4,Jim Weaver,DEMOCRAT,158745
OREGON,1980,HOUSE,4,Michael Fitzgerald,REPUBLICAN,130861
OREGON,1980,PRESIDENTIAL,,Ronald Reagan,REPUBLICAN,571044
OREGON,1980,PRESIDENTIAL,,Jimmy Carter,DEMOCRATIC,456890
OREGON,1980,SENATE,,Bob Packwood,REPUBLICAN,594290
OREGON,1980,SENATE,,Ted Kulongoski,DEMOCRATIC,501963
PENNSYLVANIA,1980,HOUSE,1,Thomas M. Foglietta,DEMOCRAT,58737
PENNSYLVANIA,1980,HOUSE,1,Robert R. Burke,REPUBLICAN,37893
PENNSYLVANIA,1980,HOUSE,2,William H. Gray III,DEMOCRAT,127106
PENNSYLVANIA,1980,PRESIDENTIAL,,Ronald Reagan,REPUBLICAN,2261872
PENNSYLVANIA,1980,PRESIDENTIAL,,Jimmy Carter,DEMOCRATIC,1937540
PENNSYLVANIA,1980,SENATE,,Arlen Specter,REPUBLICAN,2230404
PENNSYLVANIA,1980,SENATE,,Pete Flaherty,DEMOCRAT,2122391
PUERTO RICO,1980,RESIDENT COMMISSIONER,,Baltasar Corrada-del Rio,NEW PROGRESSIVE,760484
PUERTO RICO,1980,RESIDENT COMMISSIONER,,Jose Arsenio Torres,POPULAR DEMOCRAT,749531
RHODE ISLAND,1980,HOUSE,1,Fernand J. St Germain,DEMOCRATIC,120756
RHODE ISLAND,1980,HOUSE,1,William F. Montgomery,REPUBLICAN,57844
RHODE ISLAND,1980,HOUSE,2,Claudine Schneider,REPUBLICAN,115057
RHODE ISLAND,1980,HOUSE,2,Edward P. Beard,DEMOCRATIC,92970
RHODE ISLAND,1980,PRESIDENTIAL,,Jimmy Carter,DEMOCRATIC,198342
RHODE ISLAND,1980,PRESIDENTIAL,,Ronald Reagan,REPUBLICAN,154793
SOUTH CAROLINA,1980,HOUSE,1,Thomas F. Hartnett,REPUBLICAN,81988
SOUTH CAROLINA,1980,HOUSE,1,Charles D. Ravenel,DEMOCRATIC,76743
SOUTH CAROLINA,1980,HOUSE,2,Floyd Spence,REPUBLICAN,92306
SOUTH CAROLINA,1980,HOUSE,2,Tom Turnipseed,DEMOCRATIC,73353
SOUTH CAROLINA,1980,HOUSE,3,Butler Derrick,DEMOCRATIC,87680
SOUTH CAROLINA,1980,HOUSE,3,Marshall Parker,REPUBLICAN,57840
SOUTH CAROLINA,1980,HOUSE,4,Carroll Campbell,REPUBLICAN,90941
SOUTH CAROLINA,1980,HOUSE,5,Ken Holland,DEMOCRATIC,99773
SOUTH CAROLINA,1980,HOUSE,6,John L. Napier,REPUBLICAN,75964
SOUTH CAROLINA,1980,HOUSE,6,John W. Jenrette Jr.,DEMOCRATIC,70747
SOUTH CAROLINA,1980,PRESIDENTIAL,,Ronald Reagan,REPUBLICAN,439277
SOUTH CAROLINA,1980,PRESIDENTIAL,,Jimmy Carter,DEMOCRATIC,428220
SOUTH CAROLINA,1980,SENATE,,Ernest Fritz Hollings,DEMOCRATIC,612554
SOUTH CAROLINA,1980,SENATE,,Marshall Mays,REPUBLICAN,257946
SOUTH DAKOTA,1980,HOUSE,1,Thomas A. Daschle,DEMOCRATIC,109910
SOUTH DAKOTA,1980,HOUSE,1,Bart Kull,REPUBLICAN,57155
SOUTH DAKOTA,1980,HOUSE,2,Clint Roberts,REPUBLICAN,88991
SOUTH DAKOTA,1980,HOUSE,2,Kenneth D. Stofferahn,DEMOCRATIC,63447
SOUTH DAKOTA,1980,PRESIDENTIAL,,Ronald Reagan,REPUBLICAN,198343
SOUTH DAKOTA,1980,PRESIDENTIAL,,Jimmy Carter,DEMOCRATIC,103855
SOUTH DAKOTA,1980,SENATE,,James Abdnor,REPUBLICAN,190594
SOUTH DAKOTA,1980,SENATE,,George McGovern,DEMOCRATIC,129018
TENNESSEE,1980,HOUSE,1,James H. Quillen,REPUBLICAN,130296
TENNESSEE,1980,HOUSE,1,John Curtis,INDEPENDENT,20816
TENNESSEE,1980,HOUSE,2,John J. Duncan,REPUBLICAN,147947
TENNESSEE,1980,HOUSE,2,David H. Dave Dunnaway,DEMOCRATIC,46578
TENNESSEE,1980,HOUSE,3,Marilyn Lloyd Bouquard,DEMOCRATIC,117355
TENNESSEE,1980,HOUSE,3,Glen Byers,REPUBLICAN,74761
TENNESSEE,1980,HOUSE,4,Albert Gore Jr.,DEMOCRATIC,137612
TENNESSEE,1980,HOUSE,4,James Beau Seigneur,REPUBLICAN,35954
TENNESSEE,1980,HOUSE,5,Bill Boner,DEMOCRATIC,118506
TENNESSEE,1980,HOUSE,5,Mike Adams,REPUBLICAN,62746
TENNESSEE,1980,HOUSE,6,Robin L. Beard Jr.,REPUBLICAN,127945
TENNESSEE,1980,HOUSE,7,Ed Jones,DEMOCRATIC,133606
TENNESSEE,1980,HOUSE,7,Daniel Campbell,REPUBLICAN,39227
TENNESSEE,1980,HOUSE,8,Harold E. Ford,DEMOCRATIC,110139
TENNESSEE,1980,PRESIDENTIAL,,Ronald Reagan,REPUBLICAN,787761
TENNESSEE,1980,PRESIDENTIAL,,Jimmy Carter,DEMOCRATIC,783051
TEXAS,1980,HOUSE,1,Sam B. Hall Jr.,DEMOCRATIC,137665
TEXAS,1980,HOUSE,2,Charles Wilson,DEMOCRATIC,142496
TEXAS,1980,HOUSE,2,P.H. Fannill Sr.,REPUBLICAN,60742
TEXAS,1980,HOUSE,3,Jim Collins,REPUBLICAN,212328
TEXAS,1980,HOUSE,3,Earle Stephen Porter,DEMOCRATIC,49667
TEXAS,1980,HOUSE,4,Ralph M. Hall,DEMOCRATIC,102787
TEXAS,1980,HOUSE,4,John Wright,REPUBLICAN,93915
TEXAS,1980,HOUSE,5,Tom Pauken,REPUBLICAN,67848
TEXAS,1980,HOUSE,5,Jim Mattox,DEMOCRATIC,70892
TEXAS,1980,HOUSE,6,Phil Gramm,DEMOCRATIC,144816
TEXAS,1980,HOUSE,6,Dave Buster Haskins,REPUBLICAN,59503
TEXAS,1980,HOUSE,7,Bill Archer,REPUBLICAN,242310
TEXAS,1980,HOUSE,7,Robert L. Hutchings,DEMOCRATIC,48594
TEXAS,1980,HOUSE,8,Jack Fields,REPUBLICAN,72856
TEXAS,1980,HOUSE,8,Bob Eckhardt,DEMOCRATIC,67921
TEXAS,1980,HOUSE,9,Jack Brooks,DEMOCRATIC,103225
TEXAS,1980,HOUSE,10,J.J. Jake Pickle,DEMOCRATIC,135518
TEXAS,1980,HOUSE,10,John Bieger,REPUBLICAN,88940
TEXAS,1980,HOUSE,11,Marvin Leath,DEMOCRATIC,128520
TEXAS,1980,HOUSE,12,Jim Wright,DEMOCRATIC,99104
TEXAS,1980,HOUSE,12,Jim Bradshaw,REPUBLICAN,65005
TEXAS,1980,HOUSE,13,Jack Hightower,DEMOCRATIC,98779
TEXAS,1980,HOUSE,13,Ron Slover,REPUBLICAN,80819
TEXAS,1980,HOUSE,14,William N. Bill Patman,DEMOCRATIC,89884
TEXAS,1980,HOUSE,14,C.L. Conckiin,REPUBLICAN,71495
TEXAS,1980,HOUSE,15,E. Kika de la Garza,DEMOCRATIC,105325
TEXAS,1980,HOUSE,15,Lendy McDonald,REPUBLICAN,45090
TEXAS,1980,HOUSE,16,Richard C. Dick White,DEMOCRATIC,104734
TEXAS,1980,HOUSE,17,Charles W. Stenholm,DEMOCRATIC,130465
TEXAS,1980,HOUSE,18,Mickey Leland,DEMOCRATIC,126632
TEXAS,1980,HOUSE,18,C.L. Kennedy,REPUBLICAN,71935
TEXAS,1980,HOUSE,19,Kent Hance,DEMOCRATIC,126632
TEXAS,1980,HOUSE,20,Henry B. Gonzalez,DEMOCRATIC,84113
TEXAS,1980,HOUSE,20,Merle Nash,REPUBLICAN,17725
TEXAS,1980,HOUSE,21,Tom LoeffIer,REPUBLICAN,196424
TEXAS,1980,HOUSE,21,Joe Sullivan,DEMOCRAT,58425
TEXAS,1980,HOUSE,22,Ron Paul,REPUBLICAN,106797
TEXAS,1980,HOUSE,22,Mike Andrews,DEMOCRAT,101094
TEXAS,1980,HOUSE,23,Abraham Chick Kazen Jr.,DEMOCRAT,104595
TEXAS,1980,HOUSE,23,Bobby Locke,REPUBLICAN,45139
TEXAS,1980,HOUSE,24,Martin Frost,DEMOCRAT,93690
TEXAS,1980,HOUSE,24,Clay Smothers,REPUBLICAN,59172
TEXAS,1980,PRESIDENTIAL,,Ronald Reagan,REPUBLICAN,2510705
TEXAS,1980,PRESIDENTIAL,,Jimmy Carter,DEMOCRATIC,1881147
UTAH,1980,HOUSE,1,James V. Hansen,REPUBLICAN,157111
UTAH,1980,HOUSE,1,Gunn McKay,DEMOCRAT,144459
UTAH,1980,HOUSE,2,Dan Marriott,REPUBLICAN,194885
UTAH,1980,HOUSE,2,Arthur L. Monson,DEMOCRAT,87967
UTAH,1980,PRESIDENTIAL,,Ronald Reagan,REPUBLICAN,439687
UTAH,1980,PRESIDENTIAL,,Jimmy Carter,DEMOCRATIC,124266
UTAH,1980,SENATE,,Jake Garn,REPUBLICAN,427675
UTAH,1980,SENATE,,Dan Berman,DEMOCRAT,151454
VERMONT,1980,HOUSE,1,James Merrill Jeffords,REPUBLICAN,154274
VERMONT,1980,HOUSE,1,Robin Lloyd,CITIZENS,24758
VERMONT,1980,PRESIDENTIAL,,Ronald Reagan,REPUBLICAN,94628
VERMONT,1980,PRESIDENTIAL,,Jimmy Carter,DEMOCRATIC,81952
VERMONT,1980,SENATE,,Stewart M. Ledbetter,REPUBLICAN,101421
VERMONT,1980,SENATE,,Patrick J. Leahy,DEMOCRATIC,104176
VIRGINIA,1980,HOUSE,1,Paul S. Trible Jr.,REPUBLICAN,130130
VIRGINIA,1980,HOUSE,2,G. William Whitehurst,REPUBLICAN,97319
VIRGINIA,1980,HOUSE,3,Thomas J. Tom Bliley Jr.,REPUBLICAN,96524
VIRGINIA,1980,HOUSE,3,John A. Mapp,DEMOCRAT,60962
VIRGINIA,1980,HOUSE,4,Robert W. Bob Daniel Jr.,REPUBLICAN,92557
VIRGINIA,1980,HOUSE,4,Cecil Y. Jenkins,DEMOCRAT,59930
VIRGINIA,1980,HOUSE,5,W.C. Dan Daniel,DEMOCRAT,112143
VIRGINIA,1980,HOUSE,6,M. Caldwell Butler,REPUBLICAN,123125
VIRGINIA,1980,HOUSE,7,J. Kenneth Robinson,REPUBLICAN,139957
VIRGINIA,1980,HOUSE,8,Stanford E. Stan Parris,REPUBLICAN,95624
VIRGINIA,1980,HOUSE,8,Herbert E. Harris II,DEMOCRAT,94530
VIRGINIA,1980,HOUSE,9,William C. Wampler,REPUBLICAN,113196
VIRGINIA,1980,HOUSE,9,Roosevelt Ferguson,DEMOCRAT,52636
VIRGINIA,1980,HOUSE,10,Frank R. Wolf,REPUBLICAN,110840
VIRGINIA,1980,HOUSE,10,Joseph L. Fisher,DEMOCRAT,105883
VIRGINIA,1980,PRESIDENTIAL,,Ronald Reagan,REPUBLICAN,889609
VIRGINIA,1980,PRESIDENTIAL,,Jimmy Carter,DEMOCRATIC,752174
VIRGIN ISLANDS,1980,DELEGATE,,Ron deLugo,DEMOCRAT,10027
VIRGIN ISLANDS,1980,DELEGATE,,Melvin H. Evans,REPUBLICAN,8876
WASHINGTON,1980,HOUSE,1,Joel Pritchard,REPUBLICAN,180475
WASHINGTON,1980,HOUSE,1,Robin Drake,DEMOCRAT,41830
WASHINGTON,1980,HOUSE,2,Al Swift,DEMOCRAT,162002
WASHINGTON,1980,HOUSE,2,Neal Snider,REPUBLICAN,82639
WASHINGTON,1980,HOUSE,3,Don Bonker,DEMOCRAT,155906
WASHINGTON,1980,HOUSE,3,Rod Culp,REPUBLICAN,92572
WASHINGTON,1980,HOUSE,4,Sid Morrison,REPUBLICAN,134691
WASHINGTON,1980,HOUSE,4,Mike McCormack,DEMOCRAT,100114
WASHINGTON,1980,HOUSE,5,Thomas S. Foley,DEMOCRAT,120530
WASHINGTON,1980,HOUSE,5,John Sonneland,REPUBLICAN,111705
WASHINGTON,1980,HOUSE,6,Norman D. Dicks,DEMOCRAT,122903
WASHINGTON,1980,HOUSE,6,Jim Beaver,REPUBLICAN,106236
WASHINGTON,1980,HOUSE,7,Mike Lowry,DEMOCRAT,112848
WASHINGTON,1980,HOUSE,7,Ron Dunlap,REPUBLICAN,84218
WASHINGTON,1980,PRESIDENTIAL,,Ronald Reagan,REPUBLICAN,865244
WASHINGTON,1980,PRESIDENTIAL,,Jimmy Carter,DEMOCRATIC,650193
WASHINGTON,1980,SENATE,,Slade Gorton,REPUBLICAN,936317
WASHINGTON,1980,SENATE,,Warren G. Magnuson,DEMOCRAT,792052
WEST VIRGINIA,1980,HOUSE,1,Robert H. Mollohan,DEMOCRAT,107471
WEST VIRGINIA,1980,HOUSE,1,Joe Bartlett,REPUBLICAN,61438
WEST VIRGINIA,1980,HOUSE,2,Cleve Benedict,REPUBLICAN,102805
WEST VIRGINIA,1980,HOUSE,2,Pat R. Hamilton,DEMOCRAT,80940
WEST VIRGINIA,1980,HOUSE,3,Mick Staton,REPUBLICAN,94683
WEST VIRGINIA,1980,HOUSE,3,John G. Hutchinson,DEMOCRAT,84980
WEST VIRGINIA,1980,HOUSE,4,Nick Joe Rahall II,DEMOCRAT,117595
WEST VIRGINIA,1980,HOUSE,4,Winton Guy Covey Jr.,REPUBLICAN,36020
WEST VIRGINIA,1980,PRESIDENTIAL,,Ronald Reagan,REPUBLICAN,334206
WEST VIRGINIA,1980,PRESIDENTIAL,,Jimmy Carter,DEMOCRATIC,367462
WISCONSIN,1980,HOUSE,1,Les Aspin,DEMOCRATIC,126222
WISCONSIN,1980,HOUSE,1,Kathryn H. Canary,REPUBLICAN,96047
WISCONSIN,1980,HOUSE,2,Robert Kastenmeier,DEMOCRATIC,142037
WISCONSIN,1980,HOUSE,2,James A. Wright,REPUBLICAN,119514
WISCONSIN,1980,HOUSE,3,Steven Gunderson,REPUBLICAN,132001
WISCONSIN,1980,HOUSE,3,Alvin J. Baldus,DEMOCRATIC,126859
WISCONSIN,1980,HOUSE,4,Clement J. Zablocki,DEMOCRATIC,146437
WISCONSIN,1980,HOUSE,4,Elroy C. Hornadel,REPUBLICAN,61027
WISCONSIN,1980,HOUSE,5,Henry S. Reuss,DEMOCRATIC,129574
WISCONSIN,1980,HOUSE,5,David Bethke,REPUBLICAN,37267
WISCONSIN,1980,HOUSE,6,Thomas E. Petri,REPUBLICAN,143989
WISCONSIN,1980,HOUSE,6,Gary R. Goyke,DEMOCRATIC,98628
WISCONSIN,1980,HOUSE,7,David Obey,DEMOCRATIC,164349
WISCONSIN,1980,HOUSE,7,Vinton A. Vesta,REPUBLICAN,89745
WISCONSIN,1980,HOUSE,8,Toby Roth,REPUBLICAN,189664
WISCONSIN,1980,HOUSE,8,Michael R. Monfils,DEMOCRATIC,81043
WISCONSIN,1980,REPRESENTATIVE,9,F. James Sensenbrenner Jr.,REPUBLICAN,206227
WISCONSIN,1980,REPRESENTATIVE,9,Gary C. Benedict,DEMOCRAT,56838
WISCONSIN,1980,PRESIDENTIAL,,Ronald Reagan,REPUBLICAN,1088845
WISCONSIN,1980,PRESIDENTIAL,,Jimmy Carter,DEMOCRATIC,981584
WISCONSIN,1980,SENATE,,Robert W. Kasten Jr.,REPUBLICAN,1196211
WISCONSIN,1980,SENATE,,Gaylord A. Nelson,DEMOCRATIC,1065487
WYOMING,1980,HOUSE,0,Dick Cheney,REPUBLICAN,116361
WYOMING,1980,HOUSE,0,Jim Rogers,DEMOCRATIC,53338
WYOMING,1980,PRESIDENTIAL,,Ronald Reagan,REPUBLICAN,110700
WYOMING,1980,PRESIDENTIAL,,Jimmy Carter,DEMOCRATIC,49427